{
  "label_aps": {
    "car": {
      "0.5": 0.25984093346163223,
      "1.0": 0.4592274328939713,
      "2.0": 0.598962429170634,
      "4.0": 0.6885134649468547
    },
    "truck": {
      "0.5": 0.018791944023448765,
      "1.0": 0.10904457034782437,
      "2.0": 0.2631100103377988,
      "4.0": 0.41602069750926285
    },
    "bus": {
      "0.5": 0.14270993415206953,
      "1.0": 0.46205750358360687,
      "2.0": 0.6638694207161561,
      "4.0": 0.7521412202562925
    },
    "trailer": {
      "0.5": 0.0,
      "1.0": 0.0,
      "2.0": 0.0,
      "4.0": 0.0
    },
    "construction_vehicle": {
      "0.5": 0.0,
      "1.0": 0.029598998849848256,
      "2.0": 0.15202011961662534,
      "4.0": 0.25347173232878123
    },
    "pedestrian": {
      "0.5": 0.2793914913747321,
      "1.0": 0.4123819572409255,
      "2.0": 0.5158767132846706,
      "4.0": 0.5908694658086425
    },
    "motorcycle": {
      "0.5": 0.02052114813068904,
      "1.0": 0.11050233298550623,
      "2.0": 0.22610921234338227,
      "4.0": 0.2709302708578206
    },
    "bicycle": {
      "0.5": 0.18242218007671593,
      "1.0": 0.2924410827650668,
      "2.0": 0.36960600183226294,
      "4.0": 0.3993546070768719
    },
    "traffic_cone": {
      "0.5": 0.34270440823814763,
      "1.0": 0.47075869213663274,
      "2.0": 0.5494422207180498,
      "4.0": 0.5973729125510707
    },
    "barrier": {
      "0.5": 0.26610236038478946,
      "1.0": 0.3771942104081215,
      "2.0": 0.43466225541778974,
      "4.0": 0.48278605536678265
    }
  },
  "mean_dist_aps": {
    "car": 0.5016360651182731,
    "truck": 0.2017418055545837,
    "bus": 0.5051945196770313,
    "trailer": 0.0,
    "construction_vehicle": 0.10877271269881371,
    "pedestrian": 0.4496299069272427,
    "motorcycle": 0.15701574107934954,
    "bicycle": 0.3109559679377294,
    "traffic_cone": 0.4900695584109752,
    "barrier": 0.39018622039437084
  },
  "mean_ap": 0.31152024977983694,
  "label_tp_errors": {
    "car": {
      "trans_err": 0.4461880717166446,
      "scale_err": 0.17769897835615664,
      "orient_err": 0.30316419064155725,
      "vel_err": 0.0,
      "attr_err": 0.0
    },
    "truck": {
      "trans_err": 0.7604329547048513,
      "scale_err": 0.3375090567166815,
      "orient_err": 0.297473258872013,
      "vel_err": 0.0,
      "attr_err": 0.0
    },
    "bus": {
      "trans_err": 0.6009621122209152,
      "scale_err": 0.19466528661332327,
      "orient_err": 0.17850523378681757,
      "vel_err": 0.0,
      "attr_err": 0.0
    },
    "trailer": {
      "trans_err": 1.0,
      "scale_err": 1.0,
      "orient_err": 1.0,
      "vel_err": 1.0,
      "attr_err": 1.0
    },
    "construction_vehicle": {
      "trans_err": 0.9700244221271564,
      "scale_err": 0.5028807727644771,
      "orient_err": 1.05833183419695,
      "vel_err": 0.0,
      "attr_err": 0.0
    },
    "pedestrian": {
      "trans_err": 0.4114664894685085,
      "scale_err": 0.302965430547216,
      "orient_err": 0.9195615431819075,
      "vel_err": 0.0,
      "attr_err": 0.0
    },
    "motorcycle": {
      "trans_err": 0.6371901272813578,
      "scale_err": 0.38900547777067584,
      "orient_err": 1.1420366160864126,
      "vel_err": 0.0,
      "attr_err": 0.0
    },
    "bicycle": {
      "trans_err": 0.41974462550181324,
      "scale_err": 0.2663943991766621,
      "orient_err": 0.661874698849356,
      "vel_err": 0.0,
      "attr_err": 0.0
    },
    "traffic_cone": {
      "trans_err": 0.3547777489895387,
      "scale_err": 0.32743904051228745,
      "orient_err": NaN,
      "vel_err": NaN,
      "attr_err": NaN
    },
    "barrier": {
      "trans_err": 0.3815341070585146,
      "scale_err": 0.2740503233604982,
      "orient_err": 0.22720240342294312,
      "vel_err": NaN,
      "attr_err": NaN
    }
  },
  "tp_errors": {
    "trans_err": 0.59823206590693,
    "scale_err": 0.37726087658179785,
    "orient_err": 0.6431277532264397,
    "vel_err": 0.125,
    "attr_err": 0.125
  },
  "tp_scores": {
    "trans_err": 0.40176793409307,
    "scale_err": 0.6227391234182021,
    "orient_err": 0.35687224677356033,
    "vel_err": 0.875,
    "attr_err": 0.875
  },
  "nd_score": 0.4688980553184017,
  "eval_time": 12.796317100524902,
  "cfg": {
    "class_range": {
      "car": 50,
      "truck": 50,
      "bus": 50,
      "trailer": 50,
      "construction_vehicle": 50,
      "pedestrian": 40,
      "motorcycle": 40,
      "bicycle": 40,
      "traffic_cone": 30,
      "barrier": 30
    },
    "dist_fcn": "center_distance",
    "dist_ths": [
      0.5,
      1.0,
      2.0,
      4.0
    ],
    "dist_th_tp": 2.0,
    "min_recall": 0.1,
    "min_precision": 0.1,
    "max_boxes_per_sample": 500,
    "mean_ap_weight": 5
  },
  "meta": {
    "use_camera": true,
    "use_lidar": false,
    "use_radar": false,
    "use_map": false,
    "use_external": false
  }
}